Pregunta,Respuesta,Desglose
¿A partir de qué se construyó la base de datos?,"La base de datos se construyó <strong>a partir de las descripciones archivísticas</strong> de la colección Juicios Criminales del Archivo General de la Nación (AGN). No se ha realizado una lectura completa de cada expediente original.",
¿Cómo se construyó la base de datos?,"Se transcribieron y organizaron sistemáticamente todas las descripciones archivísticas; luego se cotejaron manualmente los nombres recurrentes y se verificaron las posibles correspondencias entre documentos mediante evidencia contextual (fechas, lugares y otra información de cada entrada), con el fin de identificar qué documentos, dispersos en distintos fondos y legajos, pertenecían a un mismo proceso judicial.
 Se clasificaron los registros en criminales y no criminales. Se identificaron los crímenes. Se definieron las variables de tiempo y lugar usando el año de los metadatos como fecha de referencia. Se clasificaron a los agentes según su rol: perpetrador, víctima o cómplice. Se adoptó un enfoque conservador para las características sociales (género, calidad y labor).",
¿Cuáles son las unidades de análisis?,"<strong>Documento</strong>: un único registro archivístico identificado por su signatura del AGN.

<strong>Casos</strong>: uno o más documentos que se refieren al mismo proceso judicial.

<strong>Crimenes</strong>: cada crimen constituye una observación analítica separada, vinculada al caso correspondiente y a los actores involucrados en él; tiene su propio identificador único. Para más información <a href=""#"" data-ir-vista=""delitos"">entre aquí</a>.

<strong>Agentes</strong>: individuos (u ocasionalmente instituciones o poblaciones) vinculados a cada crimen según su rol en el proceso.",
¿Cuáles son las categorías utilizadas?,"<strong>Atributo</strong>: Víctima, cómplice y perpetrador.

<strong>Otros agentes</strong>: como instituciones y poblaciones, para evitar el sobreconteo de las personas.

<strong>Género</strong>: Solo se coloca si se esposible reconocer el género por el nombre, si no es indeterminado

<strong>Calidad</strong>: Entendiéndolo como el estatus socio-racial de la persona, se registran solo las categorías explícitamente indicadas en los documentos: <strong>Mestizo</strong>, <strong>Indígenas</strong>, <strong>Negro libre o Mulato</strong>. Se deja sin codificar en los casos ambiguos.

<strong>Ocupación</strong>: Solo se registra si la mención es directa.",
¿Cuáles fueron las decisiones metodológicas?,"<strong> Usar las descripciones archivísticas como fuente principal.</strong> Aceptando el sacrificio del análisis detallado de casos individuales a cambio de poder analizar patrones a gran escala (lectura distante).

<strong>Distinguir entre documento y caso.</strong> Reconstruyendo los procesos judiciales dispersos en múltiples registros archivísticos.

<strong>Distinguir entre caso y crimen.</strong> Para no perder la variedad de crimenes que podían coexistir en un mismo proceso judicial.

<strong>Redefinir el contenido del archivo.</strong> Clasificando los registros de Juicios Criminales en procesos penales, procesos no penales (peticiones administrativas, separaciones, etc.) y registros ambiguos pendientes de verificación.

<strong>Definir las variables de tiempo y lugar.</strong> Usando el año de los metadatos como fecha de referencia y la provincia como unidad territorial más confiable ante la ambigüedad de las localidades específicas.

<strong>Clasificar a los actores judiciales según su rol procesal.</strong> Perpetrador, víctima o cómplice, sin forzar la asignación de roles no respaldados por la evidencia archivística.

<strong>Adoptar un enfoque conservador para las características sociales.</strong> Género, calidad y ocupación: se registra solo lo explícitamente indicado en la descripción, sin asumir información adicional.

<strong>Incluir actores no individuales.</strong> Instituciones y actores colectivos se registran como tales, en lugar de asignarles un número arbitrario de personas."
